{"cameraMode":{"drawMode":0,"name":"Shaded","section":"Shading Mode"},"sceneLighting":false,"audioPlay":false,"sceneViewState":{"m_AlwaysRefresh":false,"showFog":true,"showSkybox":false,"showFlares":true,"showImageEffects":true,"showParticleSystems":true,"showVisualEffectGraphs":true,"m_FxEnabled":true},"in2DMode":false,"pivot":{"x":13.019842147827149,"y":0.8714224696159363,"z":20.270000457763673},"rotation":{"x":-0.005501723848283291,"y":0.9724017381668091,"z":-0.23210634291172028,"w":-0.02304930053651333},"size":1.570679783821106,"orthographic":false}