{"cameraMode":{"drawMode":0,"name":"Shaded","section":"Shading Mode"},"sceneLighting":true,"audioPlay":false,"sceneViewState":{"m_AlwaysRefresh":false,"showFog":true,"showSkybox":true,"showFlares":true,"showImageEffects":true,"showParticleSystems":true,"showVisualEffectGraphs":true,"m_FxEnabled":true},"in2DMode":false,"pivot":{"x":20.990550994873048,"y":3.374772548675537,"z":37.71470642089844},"rotation":{"x":-0.0074639227241277699,"y":0.9211646914482117,"z":-0.3887135684490204,"w":-0.01768811233341694},"size":10.927885055541993,"orthographic":false}