{"cameraMode":{"drawMode":0,"name":"Shaded","section":"Shading Mode"},"sceneLighting":false,"audioPlay":false,"sceneViewState":{"m_AlwaysRefresh":false,"showFog":true,"showSkybox":false,"showFlares":true,"showImageEffects":true,"showParticleSystems":true,"showVisualEffectGraphs":true,"m_FxEnabled":true},"in2DMode":false,"pivot":{"x":0.7299054265022278,"y":-0.2791323661804199,"z":0.2928330898284912},"rotation":{"x":0.0034964727237820627,"y":0.8318646550178528,"z":-0.5549463033676148,"w":0.005241187755018473},"size":1.8887498378753663,"orthographic":false}