{"cameraMode":{"drawMode":0,"name":"Shaded","section":"Shading Mode"},"sceneLighting":true,"audioPlay":false,"sceneViewState":{"m_AlwaysRefresh":false,"showFog":true,"showSkybox":false,"showFlares":true,"showImageEffects":true,"showParticleSystems":true,"showVisualEffectGraphs":true,"m_FxEnabled":true},"in2DMode":false,"pivot":{"x":13.236900329589844,"y":6.067295074462891,"z":27.053375244140626},"rotation":{"x":-0.032145701348781589,"y":0.9664452075958252,"z":-0.20478804409503938,"w":-0.1517024040222168},"size":12.504443168640137,"orthographic":false}